First Name,Last Name,Company,Job Title,Text,Creation Date,Status
Greg,Colburn,Penguin Solutions,Senior Manager - Solutions Architect,"I had the incredible opportunity to bring a net-new product to the market in the form of Dell EMC’s offering for Azure Stack.   Greg’s grasp of the challenges delivering enterprise scale to both our Sales Force and Support organizations, sensitivity to enablement and education were the difference between success and failure. He was and is an amazing collaboration partner, and enriches all around him by being generous with his time and expertise.   Greg is an excellent example of a “10x’er”, and an asset to any organization lucky enough to have him. ","08/30/22, 06:48 PM",
Paul,Galjan,Dell EMC,Product Leader,"Having worked for Paul for almost 8 years, I can truly state that no one has done more for my and my peers’ career development than Paul Galjan. He’s a brilliant strategist, has a remarkable grasp of the industry and delivering delight to all of his customers - his employees included. Together we delivered on-time global learning, developed a $100M line of business from scratch during a massive and often-times distracting merger, and yet we found ways to succeed and exceed what was being asked of us.  Any organization would be incredibly enhanced by Paul’s participation. He is generous with time and his knowledge equally, and is consistently seeking ways to help those around him be better. I am blessed to know him and have the opportunity to see it firsthand. ","12/16/20, 10:21 PM",
Leon,Harris,IBM,"Chief Technology Officer (CTO), Strategic Partnership – Microsoft","I have the immense pleasure of working with Leon in the course of delivering Microsoft's Azure Stack Platform, on behalf of Dell Technologies. His partnership was and continues to be incredibly valuable in the journey towards bringing true Hybrid Cloud to our customers. Leon's command of the technology, ability to relate complex concepts and tie it back to business value, and overall approach to Cloud Transformation is second-to-none. I continue to learn from him, and can think of no better person to have on a team.","05/14/19, 03:15 PM",
Vinay,Patel,Self-employed,Hospitality Investor and. Operator,"I have the privilege of working with Vinay for one of the hardest challenges in modern IT - launching a truly new and differentiated solution in Dell EMC's Azure Stack. His approach, guidance, and truly marvelous grasp of Cloud Solutions brings a maturity and depth of expertise that truly benefits the entire team. His willingness to help and benefit those around him is icing on the cake - rare icing in Information Technology. With people like Vinay on the team, the sky is no longer an upper bound for success. He is fuel for our cloud rocket ship!","02/02/18, 08:56 PM",
Shikha,Thakkar,GitHub,"Director, Field Services, AMER Corporate","I have the honor of working with Ms. Thakkar in her present role as Systems Engineer at EMC.    Ms. Thakkar is consistently responsive, technically adept, and has a demonstrated ability to manage complex technical and political situations. Both her individual and team contributions in the time we have worked together have been outstanding.    Our interactions around knowledge sharing and systems design continue to demonstrate her commitment to excellence. Ms. Thakkar is an amazing asset for any organization lucky enough to have her.","07/17/13, 06:42 PM",
Marilyn,Perez,Laerdal Medical,Customer Care Specialist II,"I had the pleasure of working with Ms. Perez during my tenure with Newsweek Magazine. She was an invaluable resource for all things HRIS related, and was consistently professional, courteous, and willing to help with any requests that came her way. Team players are few and far between, and she is one of the best.","07/19/11, 08:58 PM",
Drew,Milles,World Wide Technology,Sales Engineering Manager,"I had the pleasure of working with Drew during my years at Xiotech. His level-headed approach to real world storage issues and ability to relate customer concerns are second to none. We had worked on several complex projects together, and his input and direction were instrumental in their success. He is a detail-oriented, knowledgeable professional and would be an asset to any organization.","04/12/11, 07:07 PM",
Kyle,Scott,Amazon Web Services (AWS),Application and Cloud Technology Leader,"Besides being a pleasure to work with, Kyle is a take-charge person who is able to present creative ideas and communicate them effectively to others.    I highly recommend Kyle. He is a team player and would make a great asset to any organization.","10/22/10, 08:04 AM",
Bert,Bauta,Newsweek,Director of Infrastructure Services,"I had the pleasure of working for Mr. Bauta at 2 companies. He is that truly rare blend of technical expert, mentor, and manager that makes any team better. His patience, vision, and mastery of the misnomer ""common sense"" make him an incredible asset to any organization.   I am very grateful that I had the opportunity to have worked with him.","03/25/10, 04:44 AM",
Paul,Hanmann,Heaven,Deceased,"Paul is a skilled, knowledgeable Engineer whose dedication to getting the job done is second to none. He was always approachable, and took the time to teach me while working through complex issues. He possesses the rare mix of skill and humility, and is, in my opinion, truly an asset to any organization.","04/23/09, 08:37 AM",
Steven,Jonas,Dell Compellent,Copilot Systems Analyst,"Steven Jonas is an outstanding engineer who took the time to improve the skills of those around him, while at the same time staying at the bleeding edge of technology. I enjoy working with him, and value all he has taught me.","04/11/09, 01:03 PM",
Len,Carella,Endava,SVP Delivery North America,Mr. Carella is the finest manager I have had the privilege to work for during my career in IT services. His leadership and guidance continues to aid me in advancing my career to date.,"09/26/08, 10:18 AM",
Scott,Douglas,Entelligence,Storage Consultant,Scott is a consummate professional. His customer relationship as well as technical skills are outstanding.,"09/26/08, 10:16 AM",
Darius,Kielbiowski,JPMorgan Chase,Vice President-Transaction / Contract/ Program Management,"I have known Mr. Kielbiowski for over 20 years. He is a hard-working, detail oriented professional that I am proud to call a friend and colleague.","10/03/07, 06:21 AM",
