First Name,Last Name,Company,Job Title,Text,Creation Date,Status
Michael,Wilson,Calian IT & Cyber Solutions,Regional VP of Sales - North Region,"Patrick is a brilliant mind with both book smarts and street smarts. He will bring color and flair to the routine. He stepped in to help us out for 6-7 months as a favor while we were transitioning from another senior Sales Architect that had retired. There was no project too big for him to dive in and tackle. Thanks for getting us through, Patrick.","02/02/22, 06:51 PM",HIDDEN
Christopher,Renda,Dell Technologies,"Director, Engineering - Solution Platforms","Having worked with Patrick as both a peer and manager, I can attest that Patrick is a rare talent.  Patrick has a unique ability to take a large hard to define deliverable and make it a reality.  Rarely have I come across anyone in my career who can hyper focus on a goal from end to end, building support and relationships across large, typically hard to traverse organizations.  Patrick thrives on these challenges.  Further Patrick truly wants to elevate his peers and consistently looks for ways improve his organization.  Patrick is extremely knowledgeable and well researched enabled him to be a great reference in decision making situations.","01/12/22, 05:22 PM",VISIBLE
Paul,Galjan,Dell EMC,Product Leader,"Patrick is one of the rare technologists who can truly drive business-level outcomes.  I've worked with him extensively on two very different, but similarly demanding projects.  In both roles, he showed himself to be a superb systems thinker.  His most obvious trait is his mastery of the technical.  I've seen Patrick make meaningful, valuable, and unique contributions to dozens of efforts across domains from infrastructure automation, data analytics, enterprise architecture, and general process engineering.  Patrick's greatest contributions stem from his approach to evaluating technical and business challenges.  Over time, you'll observe his ability to quickly acquire a complete understanding of how technology is developed, delivered, and supported by the business.  You'll see that he is remarkably consumer-empathic, taking into account the myriad ways technology can be consumed.  His ability to take a full view of the product creation and consumption lifecycle allows him to quickly identify, manage and balance risks with a business-level perspective.  It also provides for a uniquely efficient and frequently entertaining approach to problem-solving across technical domains.   I can think of few teams that would not benefit from Patrick's expertise and perspective.  I'd be delighted to talk more about my time working with Patrick, so please contact me for more details.","01/08/22, 09:09 PM",VISIBLE
Greg,Colburn,Penguin Solutions,Senior Manager - Solutions Architect,I would recommend Patrick without hesitation for any number of highly technical roles both product development focused as well as customer focused.  I have worked with Patrick for nearly a decade in a number of roles and he served as my mentor early in my time at Dell (EMC).  I can honestly say he has one of the strongest technical minds I've worked with in my career combined with an unparalleled adaptability that suits him to fill roles across the IT spectrum anywhere from product architect within an engineering team to presales or even services focused roles.  He also has a knack for translating technical solutions to business impact and user experience which I've witnessed him leverage to great effect in the presales arena and would also be very adaptable for engineering teams that focus on scenario driven development.,"01/07/22, 02:01 PM",VISIBLE
Bert,Bauta,Newsweek,Director of Infrastructure Services,"I had the pleasure of working with Patrick at 2 compnies. He has very strong technical skills, natural project management abilities and performs well under tight deadlines. He is an asset to any organization.","03/25/10, 08:03 AM",HIDDEN
Scott,Douglas,Entelligence,Storage Consultant,"Patrick is an extremely competent technician. His troubleshooting  skills and technical knowledge are very broad based and it has been a pleasure working with and learning from him. He is particularly skilled in server administration and managing, maintaining, and troubleshooting Ethernet and fibrechannel switch issues.","01/26/09, 12:41 PM",HIDDEN
Joel,Ruf,Dell Technologies,Sr. Product Manager,"Patrick is a dedicated, enthusiatic person that alway puts the customers first. He is very technical, plus he has the ability to translate the technology so it is easily understood by all. Great person to work with.","10/08/08, 03:52 PM",VISIBLE
Chad,Bittner,Datasite ,Senior Cloud Engineer,Patrick loves a challenge.  He is very knowledgable in a variety of areas and likes dive head long into un-familar territory to learn and grow his skills.    I enjoy his dedication to solving isues and making the workplace a fun experience.,"09/29/08, 04:44 PM",VISIBLE
Paul,Hanmann,Heaven,Deceased,I have only worked with Patrick a short time and I am already impressed with his skill and knowledge. He is intelligent and knowledgable and I have found him easy to work with. He is always willing to go the extra mile to get the job done and is not afraid to try new approachs to solve difficult problems. I enjoy working with him and look forward to learning from him.,"09/26/08, 11:10 AM",HIDDEN
Len,Carella,Endava,SVP Delivery North America,Patrick was definitely a go to guy.  He was very dedicated and detail oriented.  Was never afraid to take the lead and probably one of the best problem solvers I have worked with.,"09/16/08, 11:06 AM",VISIBLE
